Station,OS X,OS Y,Latitude,Longitude,Zone,Postcode,Zone_original
Abbey Road,539081,183352,51.53195199547290,0.0037233710983363500,3,E15 3NB,3
Abbey Wood,547297,179002,51.49078429543710,0.12027197064065100,4,SE2 9RH,4
Acton Central,520613,180299,51.508757351253400,-0.26343019532568900,2,W3 6BH,2
Acton Main Line,520296,181196,51.516886495162900,-0.2676899480142480,3,W3 9EH,3
Acton Town,519457,179639,51.50307098636340,-0.280302696832724,3,W3 8HN,3
Addington Village,537082,163744,51.35623853949500,-0.03266510033206200,3,CR0 5AR,"3,4,5,6"
Addiscombe,534190,166290,51.37980817216770,-0.07321328251986770,3,CR0 7AA,"3,4,5,6"
Albany Park,547903,172902,51.435815816166300,0.1264446387204620,5,DA5 3HP,5
Aldgate,533629,181246,51.5143422574978,-0.07562691232248630,1,EC3N 1AH,1
Aldgate East,533809,181333,51.515081505698700,-0.07300146242073960,1,E1 7PT,1
Alexandra Palace,530300,190498,51.59826262860600,-0.12014897136081200,3,N22 7ST,3
All Saints,538012,180933,51.51047690641240,-0.01262488536035000,2,E14 0EH,2
Alperton,518025,183849,51.54120878643840,-0.2995157534755780,4,HA0 4LL,4
Amersham,496454,198181,51.674128328342700,-0.6065137678777910,9,HP6 5AZ,9
Ampere Way,530674,166476,51.38229921988810,-0.12363679846190700,3,CR0 3JX,"3,4,5,6"
Anerley,534656,169942,51.41251661375110,-0.06513709987901910,4,SE20 8PY,4
Angel,531497,183263,51.53296784539840,-0.10558144830378900,1,N1 8XB,1
Angel Road,535204,192202,51.612420242475800,-0.04873291923914300,4,N18 3AY,4
Archway,529356,186827,51.56549031545970,-0.13512157562147300,2,N19 5RQ,"2,3"
Arena,535192,167620,51.391522658988500,-0.058318549886912300,3,SE25 4RY,"3,4,5,6"
Arnos Grove,529271,192471,51.616229924551400,-0.13427021772184900,4,N11 1AN,4
Arsenal,531429,186107,51.55854120559970,-0.1054999329611860,2,N5 1LP,2
Avenue Road,535764,169335,51.406797904315400,-0.04944693697366340,3,BR3 4NJ,"3,4,5,6"
Baker Street,527965,182078,51.52312936605880,-0.15690419298618500,1,NW1 5LA,1
Balham,528482,173195,51.443182314397000,-0.15268516199326100,3,SW12 9SG,3
Bank,532704,181111,51.51334691914180,-0.08900012349437470,1,EC3V 3LA,1
Banstead,524590,160426,51.32929277590570,-0.21313233354122500,6,SM7 1RB,6
Barbican,532079,181859,51.520215126107800,-0.09772157809050230,1,EC1A 4JA,1
Barking,544405,184343,51.53952124839740,0.08083161040306540,4,IG11 8TU,4
Barkingside,544788,189510,51.58585076146280,0.08847664010592630,4,IG6 1NB,4
Barnehurst,550206,176193,51.464780553326300,0.16094802394688500,6,DA7 6HQ,6
Barnes,522209,175705,51.46712737869090,-0.24203305862495400,3,SW13 0LW,3
Barnes Bridge,521478,176255,51.4722276417547,-0.25236261333116900,3,SW13 0NR,3
Barons Court,524133,178322,51.490228334902,-0.21343014241789200,2,W14 9DP,2
Battersea Park,528703,176999,51.47731808303140,-0.14812376039271100,2,SW8 4NB,2
Battersea Power Station,529122,177252,51.479496343757300,-0.14200135136467800,1,SW11 8AL,1
Bayswater,525845,180799,51.51211098317960,-0.18790157187820500,1,W2 4QH,1
Beckenham Hill,538002,171379,51.42462603356410,-0.016495761968912700,4,SE6 3NU,4
Beckenham Junction,537403,169840,51.410941601884700,-0.02570173911454750,4,BR3 1HY,4
Beckenham Road,536177,169650,51.40952967986140,-0.043391921968959,3,BR3 4RR,"3,4,5,6"
Beckton,543145,181509,51.51437673300680,0.06152529715978420,3,E6 5NT,3
Beckton Park,542697,180887,51.50890088618670,0.05482193904539790,3,E6 5NE,3
Becontree,547598,184442,51.53958561974400,0.12688029269359400,5,RM9 4TP,5
Beddington Lane,529367,167215,51.389239651469800,-0.14213843319054800,3,CR0 4TF,"3,4,5,6"
Belgrave Walk,526805,168455,51.400961356342700,-0.1784964722050900,3,CR4 4NY,"3,4,5,6"
Bellingham,537702,172399,51.433864862646100,-0.020411770293799200,3,SE6 3BT,3
Belmont,525500,162098,51.34411959994200,-0.19948925087296200,5,SM2 6BH,5
Belsize Park,527399,185075,51.55019061178190,-0.16397449102551900,2,NW3 2AL,2
Belvedere,549498,179197,51.49195925487850,0.15203379329231400,5,DA17 6JW,5
Bermondsey,534461,179445,51.49796067750630,-0.06433008981152360,2,SE16 4RX,2
Berrylands,519728,168040,51.39876794902150,-0.28032147288452200,5,KT5 8LT,5
Bethnal Green,534995,182712,51.527191653122100,-0.05539211145016200,2,E2 0ET,2
Bethnal Green Rail,534683,182380,51.524282643710500,-0.06001374239914650,2,E2 6JL,2
Bexley,549399,173502,51.44081477613680,0.1482039142729930,6,DA5 1AQ,6
Bexleyheath,548294,176000,51.46355017881960,0.13336296607247600,5,DA7 4AA,5
Bickley,542304,168799,51.400379644488500,0.044304031699826500,5,BR1 2EB,5
Birkbeck,535297,168996,51.40386300465970,-0.0562862355401811,4,BR3 4TA,4
Blackfriars,531738,180890,51.511586761695000,-0.10299538462450500,1,EC4V 4DD,1
Blackheath,539604,175961,51.46540802722940,0.0083365947125195,3,SE3 9LE,3
Blackhorse Lane,534362,166844,51.384746070367600,-0.07053394761446470,3,CR0 6NL,"3,4,5,6"
Blackhorse Road,535914,189256,51.58577656484630,-0.039625711465052800,3,E17 6JJ,3
Blackwall,538394,180649,51.50783153133500,-0.007235165877666230,2,E14 9QB,2
Bond Street,528497,181053,51.513797282327400,-0.14961360853164600,1,W1C 2HU,1
Borough,532379,179734,51.50104871772220,-0.09419732263858390,1,SE1 1JX,1
Boston Manor,516391,178755,51.49576500584810,-0.32474718262238100,4,TW8 9LQ,4
Bounds Green,529996,191466,51.60703172061750,-0.12417706473479600,3,N11 2EU,"3,4"
Bow Church,537414,182824,51.52761517272710,-0.020499899177146400,2,E3 3AA,2
Bow Road,537148,182753,51.52704176950970,-0.02435959063268140,2,E3 4DH,2
Bowes Park,530299,191498,51.60724932125090,-0.11979221834416000,3,N22 8NL,"3,4"
Brent Cross,523905,187927,51.57659886839310,-0.21333583786631000,3,NW11 9UA,3
Brentford,517462,177864,51.487535802426800,-0.309622531111568,4,TW8 9LF,4
Brentwood,559321,193036,51.613610829903100,0.29967282145821800,7,CM14 4EW,7
Brimsdown,536297,196997,51.65524456622430,-0.031092276891003100,5,EN3 7NA,5
Brixton,531076,175437,51.46273661697820,-0.11455209682922800,2,SW9 8HE,2
Brockley,536405,175801,51.46474960336700,-0.037748250467778800,2,SE4 2RW,2
Bromley North,540395,169699,51.40894234206780,0.017235451958710200,4,BR1 3NN,4
Bromley South,540431,168705,51.40000131982640,0.01735958049731490,5,BR1 1LX,5
Bromley-by-Bow,538034,182532,51.524840183700900,-0.011682374353045400,2,E3 3BT,"2,3"
Brondesbury,524718,184460,51.54526203281230,-0.20283848334279200,2,NW6 7QL,2
Brondesbury Park,524202,183898,51.54032502366850,-0.21047394410807800,2,NW6 6RP,2
Broxbourne,537407,207240,51.747015552729800,-0.011024083782252800,9,EN10 7AW,9
Bruce Grove,533758,190115,51.59401113363420,-0.07039898936228010,3,N17 8AD,3
Buckhurst Hill,541768,193957,51.62657674004730,0.04671254142876920,5,IG9 5ET,5
Burnham,494007,181378,51.52350398967750,-0.6463882083350450,9,SL1 6JT,
Burnt Oak,520303,190728,51.60255148173760,-0.2643307082008110,4,HA8 0LA,4
Bush Hill Park,533696,195396,51.641481848544500,-0.06928041222613100,5,EN1 1BA,5
Bushey,511860,195318,51.645543532577400,-0.3847215327260820,8,WD19 4ST,8
Caledonian Road,530568,184899,51.54788524982810,-0.11836086106469500,2,N7 9BA,2
Caledonian Road and Barnsbury,530800,184393,51.543284389381700,-0.11520485594881400,2,N1 0SL,2
Cambridge Heath,534855,183250,51.5320596731624,-0.0572032006374023,2,E2 7NA,2
Camden Road,529140,184191,51.54185100885650,-0.13920311140104400,2,NW1 9LQ,2
Camden Town,528920,183976,51.53996912160410,-0.14245237987648900,2,NW1 8NH,2
Canada Water,535399,179493,51.498168331250900,-0.05080712084909720,2,SE16 7BB,2
Canary Wharf,537558,180153,51.50357837512890,-0.019466840139324400,2,E14 4QS,2
Canning Town,539454,181350,51.51387030350510,0.008305632748764400,3,E16 1DQ,3
Cannon Street,532623,180888,51.51136194370190,-0.09025052641503480,1,EC4N 6AP,1
Canonbury,532355,184979,51.54818823621240,-0.09257419532817910,2,N1 2PG,2
Canons Park,518208,191246,51.60765009028540,-0.294391591494146,5,HA8 6RN,5
Carpenders Park,511826,193386,51.628186088758400,-0.3858293151270330,7,WD19 7DT,7
Carshalton,527737,164858,51.36842609544170,-0.16639832639559800,5,SM5 2HT,5
Carshalton Beeches,527552,163625,51.357386565323100,-0.1694963244693620,5,SM5 3LG,5
Castle Bar Park,515853,181770,51.52297312488630,-0.3315040699380950,4,W7 1AY,4
Caterham,534099,155422,51.28216269622900,-0.07860729821309780,6,CR3 6LB,6
Catford,537245,173544,51.444264871170300,-0.026538498556701600,3,SE6 4XT,3
Catford Bridge,537363,173595,51.44469458702000,-0.024821875910075700,3,SE6 4RE,3
Centrale,532067,165785,51.37576730003020,-0.10388810322163200,3,CR0 1XT,"3,4,5,6"
Chadwell Heath,547646,187611,51.56804709196960,0.12890111256818000,5,RM6 4BE,5
Chafford Hundred,558922,178770,51.485554969647100,0.2874757055480310,7,RM16 6QQ,7
Chalfont and Latimer,499610,197550,51.66790656389210,-0.5610677589431820,8,HP7 9PR,8
Chalk Farm,528126,184421,51.54414883734660,-0.15373306950608000,2,NW3 2BP,2
Chancery Lane,531096,181642,51.518493835819900,-0.11196202676241700,1,WC1V 6DR,1
Charing Cross,530234,180492,51.50835842818620,-0.12480293723304400,1,WC2N 5HS,1
Charlton,541108,178387,51.48683504159720,0.030941644861415000,3,SE7 7AB,3
Cheam,524444,163334,51.35545989418580,-0.21421128092797100,5,SM3 8RZ,5
Chelsfield,546944,164021,51.3562647640171,0.1089841204169230,6,BR6 6EU,6
Chesham,496048,201650,51.705379023301300,-0.6114296352979310,9,HP5 1DH,9
Cheshunt,536652,202307,51.70287327834180,-0.02388741542966130,8,EN8 9AQ,8
Chessington North,518415,164168,51.364242952267200,-0.3004761235978510,6,KT9 2RT,6
Chessington South,517974,163319,51.35670402954920,-0.30708901519388700,6,KT9 2DD,6
Chigwell,543835,193045,51.61785799974180,0.07617921535230280,4,IG7 6NT,4
Chingford,539173,194628,51.63325339188140,0.009514325530879750,5,E4 6AL,5
Chipstead,527689,158275,51.30927470676410,-0.16944586783464200,6,CR5 3TD,6
Chislehurst,543205,169405,51.405598505329700,0.05749182164774900,5,BR7 5NN,5
Chiswick,520438,177182,51.48078105961510,-0.2670133177082470,3,W4 2QE,3
Chiswick Park,520352,178692,51.494370277942700,-0.2677369179922980,3,W4 5NE,3
Chorleywood,502596,196092,51.65426508092770,-0.5183339108571570,7,WD3 5ND,7
Church Street,532041,165555,51.37370639339630,-0.10434682826811900,3,CR0 1RN,"3,4,5,6"
City Thameslink,531688,181150,51.513934900660100,-0.10361844855280300,1,EC4M 7JH,1
Clapham Common,529428,175291,51.461803445807900,-0.1383149013879230,2,SW4 7AJ,2
Clapham High Street,529824,175709,51.46546929922250,-0.132464501562701,2,SW4 6DQ,2
Clapham Junction,527198,175520,51.464366507789400,-0.17031500054416600,2,SW11 2QP,2
Clapham North,530003,175652,51.46491600472910,-0.1299100619146430,2,SW4 7TS,2
Clapham South,528782,174259,51.45267624920500,-0.14798406833029200,2,SW12 9DU,"2,3"
Clapton,534748,186531,51.56156899642490,-0.05748945826500980,2,E5 9JP,2
Clock House,536367,169545,51.408540496896900,-0.0407020924973615,4,BR3 4PR,4
Cockfosters,528087,196424,51.65202423620420,-0.14991670977205100,5,EN4 0DZ,5
Colindale,521295,189937,51.59523010894070,-0.2502875400711350,4,NW9 5HR,4
Colliers Wood,526831,170436,51.41875889952970,-0.17741509804960500,3,SW19 2HR,3
Coombe Lane,535201,164089,51.359789214486200,-0.05953157112180600,3,CR0 5RF,"3,4,5,6"
Coulsdon South,529869,159056,51.31580072052950,-0.13790308918271700,6,CR5 3EA,6
Coulsdon Town,530098,159802,51.32245273545390,-0.13434705624020800,6,CR5 2JA,6
Covent Garden,530242,180982,51.51276003353220,-0.12450689373696600,1,WC2E 9JT,1
Crayford,551479,174424,51.44854705225510,0.17850271816040400,6,DA1 3PY,6
Crews Hill,530973,200109,51.68447443881020,-0.10684410009928700,6,EN2 8AY,6
Cricklewood,524009,185907,51.55842232306200,-0.21254793147676700,3,NW2 1HL,3
Crofton Park,536517,174739,51.45517923504130,-0.0365465817645417,3,SE4 2RA,3
Crossharbour and London Arena,537896,179301,51.495839957405100,-0.01493281309024970,2,E14 8AD,2
Crouch Hill,530586,187508,51.57132690836760,-0.1171332840976020,3,N4 4AU,3
Croxley,507921,195395,51.64700456011120,-0.4416037868779260,7,WD3 3DY,7
Crystal Palace,534120,170557,51.418170235167800,-0.07260723245875280,3,SE19 2AZ,"3,4"
Custom House,540679,180911,51.50962210163040,0.025772510305280600,3,E16 3BX,3
Cutty Sark for Maritime Greenwich,538240,177764,51.48194445322960,-0.01058186672360870,2,SE10 9SW,2
Cyprus,543324,180863,51.50852668850100,0.06384075607487530,3,E6 5PH,3
Dagenham Dock,548900,183000,51.526287437082100,0.14503101528852500,5,RM9 6RA,5
Dagenham East,550284,185033,51.54418761328960,0.16583343330916700,5,RM10 8AA,5
Dagenham Heathway,549035,184665,51.54121203550140,0.14767972147400300,5,RM9 5AN,5
Dalston Junction,533580,184778,51.54609359547850,-0.07499420449881750,2,E8 3DL,2
Dalston Kingsland,533487,185062,51.54866769606560,-0.07622692161799680,2,E8 2JS,2
Debden,544275,196133,51.64549214152590,0.08380147525632460,6,IG10 3TG,6
Denmark Hill,532697,176087,51.468200492925100,-0.09098786910291700,2,SE5 8BB,2
Deptford,537165,177395,51.47889004331760,-0.026196319533912300,2,SE8 3NU,2
Deptford Bridge,537466,176912,51.47447673839480,-0.022052428774292600,2,SE10 8BU,"2,3"
Devons Road,537603,182233,51.52225844074300,-0.0180077541751607,2,E3 3QX,2
Dollis Hill,522207,185132,51.55185020227430,-0.23879775836475800,3,NW10 5NB,3
Drayton Green,516002,180998,51.51600413801540,-0.32961125337870000,4,W13 0JX,4
Drayton Park,531426,185499,51.553078136383200,-0.10577019910346800,2,N5 1NT,2
Dundonald Road,524741,170233,51.41739780912450,-0.20752711020077000,3,SW19 3QJ,"3,4,5,6"
Ealing Broadway,517920,180915,51.51486148277940,-0.3020103761336260,3,W5 2NU,3
Ealing Common,518963,180426,51.510248187933700,-0.2871514131053220,3,W5 3LD,3
Earls Court,525457,178480,51.49135635619760,-0.19431380709514300,1,SW5 9QA,"1,2"
Earlsfield,526081,173030,51.44223850305,-0.18727268654317800,3,SW18 4SW,3
East Acton,521656,181159,51.51626301045360,-0.2481122212813140,2,W12 0BP,2
East Croydon,532904,165801,51.37571595390630,-0.09186349553662160,5,CR0 1LF,5
East Dulwich,533449,175375,51.46162545364040,-0.08043657113245480,2,SE22 8EF,2
East Finchley,527242,189204,51.5873322776344,-0.16474388444672000,3,N2 0NW,3
East Ham,542373,184255,51.53924625194370,0.051516293480576200,3,E6 2JA,"3,4"
East India,538729,180753,51.5086840050616,-0.0023703315489933100,2,E14 9PS,"2,3"
East Putney,524387,174840,51.45887944035380,-0.21099823159594200,2,SW15 6SN,"2,3"
Eastcote,511191,187627,51.57655117614090,-0.39682329014980200,5,HA5 1QZ,5
Eden Park,537396,167598,51.390796061855000,-0.02666971551408480,5,BR3 3HQ,5
Edgware,519527,192009,51.61422917451510,-0.2750936620617060,5,HA8 7AW,5
Edgware Road,527026,181778,51.520645084536100,-0.17053954989974000,1,W2 1DY,1
Edgware Road,527227,181711,51.519997771093400,-0.16766825265117900,1,NW1 5DH,1
Edmonton Green,534273,193590,51.62511560436450,-0.06163901923512940,4,N9 9DX,4
Elephant and Castle,531940,179144,51.49584922002920,-0.10073871425628200,1,SE1 6LW,"1,2"
Elm Park,552446,185647,51.54912490990790,0.19725268428342700,6,RM12 4RW,6
Elmers End,535788,168389,51.39829103016250,-0.049463832139958400,4,BR3 4EJ,4
Elmstead Woods,542247,170656,51.41708070663450,0.04422934284306110,4,BR7 5EW,4
Elstree and Borehamwood,519098,196299,51.65287512084610,-0.27982861491637100,6,WD6 3LS,6
Eltham,542690,174962,51.45566230922670,0.05232930789844640,4,SE9 6UB,4
Elverson Road,537848,176243,51.468372165038500,-0.016816376196184000,2,SE8 4LA,"2,3"
Embankment,530406,180380,51.50731229694680,-0.1223673356621200,1,WC2N 6NS,1
Emerson Park,553971,187918,51.56911527219530,0.22022293719981100,6,RM11 2JR,6
Enfield Chase,532181,196607,51.65272196544720,-0.0907042050119525,5,EN2 7AA,5
Enfield Lock,536437,198737,51.67084607825660,-0.028391070061503100,6,EN3 6BW,6
Enfield Town,532970,196544,51.65196994515370,-0.07932992172819580,5,EN1 1YB,5
Epping,546197,201552,51.69368635497800,0.11382555351421200,6,CM16 4HW,6
Epsom Downs,522805,159756,51.32365904938120,-0.23897022345966200,6,KT17 4JX,6
Erith,551075,178096,51.48164796323430,0.17426129102681500,6,DA8 1TY,6
Essex Road,532114,184132,51.54063315566610,-0.09636552536110190,2,N1 2SU,2
Euston,529587,182735,51.528664114832,-0.13329647081915100,1,NW1 2DU,1
Euston Square,529587,182735,51.528664114832,-0.13329647081915100,1,NW1 2BN,1
Ewell East,522571,162152,51.345243482663100,-0.2415029979804250,6,KT17 1QR,6
Ewell West,521473,162654,51.34999072305870,-0.25708912919764200,6,KT17 1TU,6
Fairlop,544902,190655,51.59610969417490,0.0905932799159299,4,IG6 3HD,4
Falconwood,544498,175394,51.45908592772000,0.07850969338057630,4,SE9 2RN,4
Farringdon,531585,181844,51.52019551919780,-0.10484306131676400,1,EC1M 6BY,1
Feltham,510601,173298,51.44787850388710,-0.4098244711576440,6,TW13 4BY,6
Fenchurch Street,533434,180932,51.511566579850800,-0.07855415245390520,1,EC3M 4AJ,1
Fieldway,537665,163212,51.35131696970670,-0.02450326533326910,3,CR0 0QA,"3,4,5,6"
Finchley Central,525232,190664,51.60090293685640,-0.19322063471165800,4,N3 2RY,4
Finchley Road,526293,184703,51.547095906434400,-0.18005055863249400,2,NW6 3BS,2
Finchley Road and Frognal,526035,185033,51.55011920011290,-0.1836512006949720,2,NW3 5HT,2
Finsbury Park,531385,186784,51.564635274841400,-0.10588148552890200,2,N4 3JU,2
Forest Gate,540447,185322,51.54931616108420,0.024189091543256300,3,E7 0QH,3
Forest Hill,535398,172943,51.43930822760030,-0.05332850425339090,3,SE23 3HD,3
Fulham Broadway,525402,177244,51.480260585746300,-0.19554416152789700,2,SW6 1BY,2
Fulwell,514832,171841,51.433941995205700,-0.34943851764673600,6,TW2 5NY,6
Gallions Reach,543873,180935,51.50903426024890,0.07177539473002960,3,E6 6FZ,3
Gants Hill,543266,188432,51.57655306294170,0.06608409806317940,4,IG2 6UD,4
George Street,532432,165594,51.37396589757680,-0.09871810465748100,3,CRO 1LA,"3,4,5,6"
Gidea Park,552941,189306,51.581866086649700,0.20597698312646700,6,RM2 6BX,6
Gipsy Hill,533321,171237,51.42446938789820,-0.08383516711319610,3,SE19 1PL,3
Gloucester Road,526196,178848,51.494499259625200,-0.18354355757159100,1,SW7 4SF,1
Golders Green,525199,187471,51.57221521685040,-0.19483455693826300,3,NW11 7RN,3
Goldhawk Road,523131,179616,51.502076596636800,-0.2274040032488230,2,W12 8EG,2
Goodge Street,529505,181837,51.52061289126980,-0.13480768911472700,1,W1T 2HF,1
Goodmayes,546462,187369,51.566181168031900,0.11172965502875000,4,IG3 9UH,4
Gordon Hill,531889,197799,51.66350208554500,-0.09447329927294220,5,EN2 0QU,5
Gospel Oak,528263,185677,51.555405048065400,-0.15130103124520700,2,NW5 1LT,2
Grange Hill,544963,192590,51.61348057933540,0.09227253016869210,4,IG7 5QB,4
Grange Park,531753,195472,51.64262292064850,-0.0973144232582473,5,N21 1RE,5
Gravel Hill,536359,163536,51.35454318729640,-0.04312169865017810,3,CR0 5BJ,"3,4,5,6"
Great Portland Street,528861,182174,51.52378856271790,-0.14396142408109000,1,W1W 5PP,1
Green Park,529012,180283,51.50676025371460,-0.1424775744225330,1,W1J 7BX,1
Greenford,514808,183861,51.54197950701460,-0.3458787331310220,4,UB6 8PR,4
Greenwich,537956,177267,51.47754764253430,-0.014863083602737500,2,SE10 8JQ,"2,3"
Grove Park,540702,172099,51.43043268339480,0.022598502190233900,4,SE12 0PW,4
Gunnersbury,519843,178401,51.49186296322990,-0.27516413141625000,3,W4 5RP,3
Hackbridge,528582,165929,51.377860649835700,-0.15387919685035800,4,SM6 7BJ,4
Hackney Central,534922,184943,51.54725735659260,-0.055589511802495000,2,E8 1LL,2
Hackney Downs,534598,185137,51.54907798925830,-0.0601851048568028,2,E8 1LA,2
Hackney Wick,537036,184588,51.54355836778060,-0.025259502770290900,2,E9 5ER,2
Hadley Wood,526197,198199,51.66840258482290,-0.17658118783538700,6,EN4 0EJ,6
Haggerston,533560,183953,51.53868460901330,-0.07559525776089240,2,E8 4DY,2
Hainault,545124,191411,51.602845483752300,0.09410855083015250,4,IG6 3BD,4
Hammersmith,523474,178483,51.49181941355720,-0.2228609258853040,2,W6 9YA,2
Hammersmith,523346,178665,51.49348298668770,-0.22464015450070100,2,W6 0ED,2
Hampstead,526408,185757,51.55654230644870,-0.17801455810845000,2,NW3 1QG,2
Hampstead Heath,527344,185631,51.555199657702000,-0.16456618167757300,3,NW3 2QD,3
Hampton,513299,169797,51.415878944953700,-0.3721352456690550,6,TW12 2HU,6
Hampton Court,515376,168332,51.40229331804950,-0.3427571453065690,6,KT8 9AE,6
Hampton Wick,517407,169752,51.414639531606200,-0.3131036039493130,6,KT1 4DQ,6
Hanger Lane,518506,182621,51.5300715563412,-0.29299614055716500,3,W5 1DL,3
Hanwell,515426,180560,51.512185406676000,-0.33805187778633100,4,W7 3EB,4
Harlesden,520952,183367,51.536257908620400,-0.2574956703770170,3,NW10 8UT,3
Harold Wood,554858,190626,51.59320260393050,0.23420407665837300,6,RM3 0BL,6
Harringay,531395,188200,51.57735773978010,-0.10520825191282100,3,N4 1RW,3
Harringay Green Lanes,531880,188189,51.5771457347569,-0.09821739122071840,3,N4 2NU,3
Harrington Road,535002,168535,51.399790474914600,-0.060699954346870600,3,SE25 4NF,"3,4,5,6"
Harrow and Wealdstone,515486,189508,51.59259408808770,-0.3342526785741270,5,HA3 7RF,5
Harrow-on-the-Hill,515329,188035,51.5793875695421,-0.33700151070609600,5,HA1 1BB,5
Hatch End,513024,191370,51.609827902244900,-0.3691787730321790,6,HA5 5LZ,6
Hatton Cross,509614,175369,51.466684612991000,-0.4233805529699790,5,TW6 3PF,"5,6"
Haydons Road,526012,171161,51.425457011112900,-0.18892935727955200,3,SW19 8SL,3
Hayes,540003,165993,51.37573672611430,0.010142652470698800,5,BR2 7EN,5
Hayes and Harlington,509717,179417,51.50304838798410,-0.4206418932877570,5,UB3 4BX,5
Headstone Lane,513892,190574,51.602499044558400,-0.3569075069574210,5,HA2 6NB,5
Heathrow Terminal 4,507939,174565,51.459779698532400,-0.4477295782660730,6,TW6 3AA,6
Heathrow Terminal 5,504934,175642,51.470024624464,-0.4906474891242470,6,TW6 2GA,6
Heathrow Terminals 1 2 3,507587,175838,51.471288661913300,-0.4524072136493200,6,TW6 1EB,6
Hendon,522143,188271,51.58007459514270,-0.2386305172919680,3,NW4 4PT,"3,4"
Hendon Central,522959,188631,51.583132678162100,-0.22673413710008800,3,NW4 3AS,"3,4"
Herne Hill,531934,174486,51.45399120427040,-0.10256290770725100,2,SE24 0JW,"2,3"
Heron Quays,537386,180127,51.50338653553160,-0.021953532036309600,2,E14 4JH,2
High Barnet,525027,196310,51.65168793826680,-0.1941653779796150,5,EN5 5RP,5
High Street Kensington,525622,179527,51.50072913416870,-0.19156605549641900,1,W8 5SA,1
Highams Park,538581,191841,51.608355995963900,-0.00013528591952880200,4,E4 9LA,4
Highbury and Islington,531562,184770,51.54649533885000,-0.10408213923935300,2,N1 1SE,2
Highgate,528503,188158,51.57764637933850,-0.1469348609337410,3,N6 5BH,3
Hillingdon,507567,185015,51.553776781763700,-0.44989798162302100,6,UB10 9NR,6
Hither Green,538997,174497,51.452401723236500,-0.0009709123245438070,3,SE13 5NF,3
Holborn,530553,181488,51.51723554139570,-0.11984050660293700,1,WC2B 6AA,1
Holland Park,524564,180215,51.50714614814040,-0.20655777541232800,2,W11 3RB,2
Holloway Road,530930,185457,51.552815921064400,-0.11293569621686000,2,N7 8HS,2
Homerton,536108,184901,51.54659538619650,-0.03851234702111630,2,E9 5SD,2
Honor Oak Park,536002,174221,51.450648171040500,-0.044153121032106600,3,SE23 3LE,3
Hornchurch,553931,186274,51.55435547079000,0.21892699941117600,6,RM12 6LS,6
Hornsey,530911,189202,51.58647467109520,-0.11181563739976000,3,N8 8SE,3
Hounslow,513902,174998,51.46250422727280,-0.361796248390842,5,TW3 3DL,5
Hounslow Central,513592,175928,51.470925168799900,-0.36595812136688000,4,TW3 1JG,4
Hounslow East,514327,176254,51.47370731480760,-0.3552753144989690,4,TW3 4AB,4
Hounslow West,512215,176140,51.47310508637140,-0.385707619977202,5,TW3 3DH,5
Hoxton,533582,183142,51.53139149136720,-0.07558564687618820,1,E2 8HR,"1,2"
Hyde Park Corner,528330,179801,51.502583765542100,-0.15247411263186800,1,SW1X 7LY,1
Ickenham,508127,185811,51.56082433291200,-0.44157950126879900,6,UB10 8PD,6
Ilford,543501,186501,51.55914235666760,0.06868519118076070,4,IG1 4DU,4
Imperial Wharf,526299,176674,51.47493863003010,-0.1828375028016370,2,SW6 2HA,2
Island Gardens,538228,178432,51.48795007358020,-0.010493303130196300,2,E14 3FA,2
Isleworth,515570,176430,51.47503687348700,-0.3373287584598130,4,TW7 4BX,4
Iver,503729,179898,51.50850130163600,-0.5067404189391110,9,SL0 9AU,
Kenley,532400,160100,51.324600148977400,-0.10121971217203300,6,CR8 5JA,6
Kennington,531660,178337,51.48866228881570,-0.1050706127740000,2,SE11 4JQ,2
Kensal Green,523241,182784,51.53052384871880,-0.22471338113804400,2,NW10 5JT,2
Kensal Rise,523501,183201,51.5342147055381,-0.2208209758254940,2,NW10 3NT,2
Kensington,524324,179178,51.497879357125800,-0.2103792397678830,2,W14 0NE,2
Kent House,535999,170000,51.412717586739800,-0.04581555306120760,4,BR3 1JF,4
Kentish Town,529029,185096,51.55000929428180,-0.14047126270052600,2,NW5 2AA,2
Kentish Town West,528603,184700,51.546547731815100,-0.1467564086224740,2,NW5 3LD,2
Kenton,516833,188304,51.581495770351400,-0.31521686082632100,4,HA3 0XS,4
Kew Bridge,518898,178172,51.490004145325700,-0.2888464898886720,3,TW8 0EF,3
Kew Gardens,519173,176708,51.476788671230400,-0.28538100667617400,9,TW9 3PZ,"3,4"
Kidbrooke,540999,175697,51.46269023697000,0.02830023918547800,3,SE3 9NF,3
Kilburn,524589,184644,51.54694410286600,-0.2046327166992550,2,NW6 7QL,2
Kilburn High Road,525553,183591,51.53726743072480,-0.19111310361342900,2,NW6 7QL,2
Kilburn Park,525361,183349,51.53513522184340,-0.19396605493970600,2,NW6 5AD,2
King George V,543231,180135,51.502008711932800,0.062206214109291700,3,E16 2JF,3
King Henry's Drive,537978,162558,51.34536406699130,-0.020264757424528100,3,CR0 0LH,"3,4,5,6"
King's Cross,530312,182991,51.53079799248030,-0.1227564205266310,1,N1 9AL,1
Kings Cross St. Pancras,530236,182935,51.53031226194630,-0.12387212868703400,1,N1 9AL,1
Kingsbury,519361,188739,51.58487606349120,-0.2786016037131720,4,NW9 9EG,4
Kingston,518244,169549,51.412641273140100,-0.3011410349213290,6,KT1 1UJ,6
Kingswood,524816,156585,51.2947227949647,-0.21123322352396000,6,KT20 6EN,6
Knightsbridge,527765,179650,51.50135463701890,-0.16066448462280900,1,SW3 1ED,1
Knockholt,548499,162896,51.345752156534900,0.13083103983432000,6,TN14 7HR,6
Ladbroke Grove,524284,181328,51.51721033175280,-0.21019816989179300,2,W10 6HJ,2
Ladywell,537716,174884,51.456192106185300,-0.019244401125486600,3,SE13 7XB,3
Lambeth North,531165,179489,51.49912976538860,-0.11176826046020600,1,SE1 7XG,1
Lancaster Gate,526711,180796,51.511890658328300,-0.17542992678979200,1,W2 4QH,1
Langdon Park,537807,181863,51.51888391608370,-0.015213798947704800,2,E14 6NW,2
Langley,501299,179800,51.50806077346540,-0.541770556061928,9,SL3 6DB,
Latimer Road,523789,180954,51.51395774487750,-0.21745966331724200,2,W10 6SZ,2
Lea Bridge,536175,187133,51.56663620385150,-0.03668315766277240,3,E10 7PG,3
Lebanon Road,533385,165756,51.37519886025050,-0.08497364875981670,3,CR0 6SF,"3,4,5,6"
Lee,540002,174197,51.449458544442500,0.013364692382120500,3,SE12 9JG,3
Leicester Square,529987,180812,51.51129097417170,-0.12824214662980700,1,WC2H 0AP,1
Lewisham,538163,175863,51.46488069551230,-0.012432700898009200,2,SE13 7RY,"2,3"
Leyton,538295,186244,51.55813226231270,-0.006465331580603040,3,E10 5PS,3
Leyton Midland Road,538150,187490,51.56936422878630,-0.008066347430350760,3,E10 6JT,3
Leytonstone,539345,187429,51.56852230672620,0.009140451957061280,3,E11 1HE,"3,4"
Leytonstone High Road,539298,186903,51.563807360364500,0.008254468835955840,3,E11 4RE,3
Limehouse,536150,181087,51.51231210167660,-0.03938007766249370,2,E14 7JD,2
Liverpool Street,533160,181596,51.51759813225400,-0.08224962188885440,1,EC2M 7PR,1
Lloyd Park,533711,164549,51.36427540535570,-0.08074627269808780,3,CR0 5RA,"3,4,5,6"
London Bridge,532937,180152,51.50467420930430,-0.08600559774813960,1,SE1 2SW,1
London City Airport,542231,180294,51.503689745247400,0.04787271558352590,3,E16 2DS,3
London Fields,534795,184212,51.54071874924930,-0.057699686220921700,2,E8 3PH,2
Loughborough Junction,531902,175897,51.46667873454400,-0.10249734093063100,2,SW9 8SA,2
Loughton,542314,195641,51.641570570828000,0.055279079287447900,6,IG10 4PD,6
Lower Sydenham,536831,171372,51.42484679051850,-0.033330341481054000,4,SE26 5AU,4
Maida Vale,525967,182792,51.529994755621200,-0.18543264493585600,2,W9 1JS,2
Maidenhead,488724,180745,51.518667426954100,-0.7226749105747800,9,SL6 1EW,
Malden Manor,521101,166497,51.38460911046990,-0.2611204124317340,4,KT3 5PN,4
Manor House,532074,187482,51.570746986190900,-0.09568497573192740,2,N4 1BZ,"2,3"
Manor Park,541929,185757,51.55285442759390,0.04572387018697300,3,E12 5EP,"3,4"
Mansion House,532347,180962,51.5120915984511,-0.09419765724378420,1,EC4N 6JD,1
Marble Arch,527875,181056,51.51396523465940,-0.15857121479275800,1,W1C 2JS,1
Maryland,539175,184881,51.54566828299750,0.005681654184252550,3,E15 1SA,3
Marylebone,527510,181985,51.52239640326540,-0.16349256231091300,1,NW1 6JJ,1
Maze Hill,539194,177909,51.48301366443110,0.0032048968185599900,3,SE10 9XG,3
Meridian Water,535062,191741,51.60831170899130,-0.05095990638439400,4,N18 3HF,4
Merton Park,525182,169798,51.41339128096900,-0.2013420288124170,3,SW19 3HA,"3,4,5,6"
Mile End,536577,182545,51.525310919564500,-0.0326660842711517,2,E3 4DH,2
Mill Hill Broadway,521300,191900,51.6128707220669,-0.24953706487303000,4,NW7 2JU,4
Mill Hill East,524057,191460,51.60831630368600,-0.20989571031440700,4,NW7 1BS,4
Mitcham,527345,168082,51.397488336519400,-0.17087164547873000,3,CR4 4BD,"3,4,5,6"
Mitcham Eastfields,528488,169323,51.408383659999,-0.154001717426646,3,CR4 2ND,3
Mitcham Junction,528292,167611,51.39304231241260,-0.15743664222558900,4,CR4 4HN,4
Monument,532907,180814,51.51063027735100,-0.0861883132610571,1,EC4R 9AA,1
Moor Park,508563,193509,51.62992995953360,-0.4329130164958970,6,HA6 2JQ,"6,7"
Moorgate,532688,181677,51.51843699583110,-0.08901768741961910,1,EC2M 6TX,1
Morden,525664,168563,51.40218564474950,-0.1948519795190440,4,SM4 5AZ,4
Morden Road,525788,169310,51.408871575514800,-0.19280567509339600,3,SW19 3BX,"3,4,5,6"
Morden South,525301,167900,51.39630737175910,-0.2003015597212810,4,SM4 5AN,4
Mornington Crescent,529193,183359,51.53436199274680,-0.13874434872471400,2,NW1 2JA,2
Mortlake,520458,175779,51.46816750082650,-0.2672033097597620,3,SW14 8LN,3
Motspur Park,522581,167724,51.395319236610300,-0.23943974264133800,4,KT3 6JJ,4
Mottingham,542600,173197,51.43982506175580,0.05032420232974120,4,SE9 4EN,4
Mudchute,537908,178789,51.491236163479100,-0.01495994488107930,2,E14 9UW,2
Neasden,521415,185422,51.554627310041200,-0.2501150416936120,3,NW10 1PH,3
New Addington,538187,162255,51.34259048309320,-0.01738332706935070,3,CR0 0DE,"3,4,5,6"
New Barnet,526502,195996,51.64853648940240,-0.17296971228475700,5,EN5 1QT,5
New Beckenham,536718,170463,51.41670549342140,-0.03530494925080500,4,BR3 1QW,4
New Cross,536750,177110,51.47642936493700,-0.03227881144505220,2,SE14 6LD,2
New Cross Gate,536250,176967,51.475264866034200,-0.039529051848320000,2,SE14 6AR,2
New Eltham,544005,172999,51.43769077832160,0.07044461868946930,4,SE9 2AB,4
New Malden,521392,168612,51.4035554892389,-0.25621810234155300,4,KT3 4PX,4
New Southgate,528672,192218,51.61409343513600,-0.14300977485816500,4,N11 1QH,4
Newbury Park,544947,188378,51.57563850646380,0.09030315819789670,4,IG2 7RN,4
Nine Elms,530058,177332,51.48000104922920,-0.12850098283072000,1,SW8 2NA,1
Norbiton,519424,169495,51.41190888768760,-0.28419994319310600,5,KT2 7AZ,5
Norbury,530650,169690,51.41118830417270,-0.12279940097347300,3,SW16 3RW,3
North Acton,520831,181937,51.523432004609900,-0.2597295239222280,2,W3 6UP,"2,3"
North Dulwich,532950,174567,51.45448166721480,-0.08791868027372890,2,SE21 7BX,"2,3"
North Ealing,518816,181243,51.51762181807100,-0.28899354775317100,3,W5 3AF,3
North Greenwich,539168,179827,51.5002551610895,0.003586259125950830,2,SE10 0PH,"2,3"
North Harrow,513540,188578,51.58463070784390,-0.3626329855990680,5,HA2 7SR,5
North Sheen,519132,175442,51.46541914451980,-0.28639746196941000,3,TW9 4QA,3
North Wembley,517663,186198,51.56239579644330,-0.30394821391329100,4,HA0 3NT,4
Northfields,517051,179296,51.50049115689570,-0.31506481298857200,3,W13 9QU,3
Northolt,513228,184519,51.54821230018010,-0.3684405875976200,5,UB5 4AA,5
Northolt Park,513829,185579,51.55761846530490,-0.35943418885315100,5,UB5 4XE,5
Northumberland Park,534861,191035,51.60201564713910,-0.05413202547173210,3,N17 0HY,3
Northwick Park,516634,187967,51.578508169653000,-0.3181993860133690,4,HA3 0AT,4
Northwood,509236,191441,51.611212919581400,-0.42383777619581800,6,HA6 2XL,6
Northwood Hills,510267,190305,51.600801977914300,-0.40931134805689300,6,HA6 1NZ,6
Norwood Junction,534001,168193,51.39695420145060,-0.07520985620618180,4,SE25 5AG,4
Notting Hill Gate,525296,180481,51.50937501801180,-0.19592161622639100,1,W11 3HT,"1,2"
Nunhead,535293,175975,51.466579898861700,-0.05367974248045390,2,SE15 3XE,2
Oakleigh Park,527001,194800,51.63767609370900,-0.16619496499383600,4,EN5 1BU,4
Oakwood,529349,195968,51.64763774736000,-0.1318535388133940,5,N14 4UT,5
Ockendon,559004,182828,51.52199012375080,0.29048348002345300,7,RM15 6PD,7
Old Street,532764,182474,51.525581330743000,-0.08762295738735130,1,EC1V 9NR,1
Orpington,545500,165900,51.373520195924500,0.08902890193883430,6,BR6 0SX,6
Osterley,514529,177094,51.48121623575930,-0.3520960888490030,4,TW7 4PU,4
Oval,531108,177516,51.48141241737750,-0.11332107512133200,2,SE11 4PP,2
Oxford Circus,529102,181227,51.51522317440170,-0.1408361701333410,1,W1C 2JS,1
Paddington,526680,181185,51.51539350022650,-0.17573675026577200,1,W2 1RH,1
Palmers Green,530925,192798,51.61878657015080,-0.11027249932298500,4,N13 4PN,4
Park Royal,519074,182274,51.526833556086300,-0.28492891296710500,3,W5 3EL,3
Parsons Green,525029,176645,51.47495982565950,-0.20112449001225300,2,SW6 4HU,2
Peckham Rye,534152,176271,51.46951125269600,-0.06998355290619440,2,SE15 5DQ,2
Penge East,535374,170791,51.419975262275900,-0.0544952646379757,4,SE20 7BQ,4
Penge West,534952,170567,51.41806283133320,-0.06064576434263840,4,SE20 8NU,4
Perivale,516404,183270,51.53634129467290,-0.3230704159011670,4,UB6 7NP,4
Petts Wood,544440,167548,51.38859911569540,0.07448003010016280,5,BR5 1LZ,5
Phipps Bridge,526534,168717,51.403376431529700,-0.18229678694821200,3,CR4 3QN,"3,4,5,6"
Piccadilly Circus,529612,180625,51.50969653217060,-0.13371159615907600,1,W1J 9HS,1
Pimlico,529711,178386,51.48955264664940,-0.13310825739138500,1,SW1V 2JA,1
Pinner,512233,189409,51.59236105660720,-0.38122378173761000,5,HA5 5LZ,5
Plaistow,540058,183305,51.53128836681780,0.017780641996985200,3,E13 0DY,3
Plumstead,544803,178820,51.48979256526220,0.08429961697091630,4,SE18 7EA,4
Ponders End,536097,195599,51.642730637439400,-0.03452510445986850,5,EN3 4LA,5
Pontoon Dock,541226,180102,51.502216272914400,0.03332570754892510,3,E16 2SB,3
Poplar,537698,180603,51.507588044837600,-0.017275493292517400,2,E14 0DS,2
Preston Road,518260,187292,51.57210324779930,-0.29497200748306700,4,HA3 0PS,4
Prince Regent,541215,180905,51.50943460724030,0.03348857411467720,3,E16 3HE,3
Pudding Mill Lane,537930,183585,51.534327836050600,-0.012768511944547100,2,E15 2PH,"2,3"
Purfleet,555417,178174,51.48117339669360,0.23677483909718800,7,RM16 1PL,7
Purley,531500,161497,51.337363370371300,-0.1136135170910840,6,CR8 2AP,6
Purley Oaks,532503,162594,51.34698918049690,-0.09881533250056320,6,CR2 0ND,6
Putney,523992,175061,51.46095217815320,-0.21660337079246200,2,SW15 1RT,"2,3"
Putney Bridge,524476,175842,51.46786499705640,-0.20936541430195400,2,SW6 3UH,2
Queens Park,524612,183239,51.53431231776350,-0.20479814695067200,2,NW6 6HJ,2
Queens Road Peckham,535015,176825,51.47428461792390,-0.05735497866902940,2,SE15 2JR,2
Queensbury,518802,189728,51.59388250931330,-0.286331592620629,4,HA8 5NP,4
Queenstown Road,528763,176738,51.47495888831450,-0.1473553108451530,2,SW8 3RX,2
Queensway,525883,180615,51.51044892854770,-0.1874199010483690,1,W2 4SS,1
Rainham,552097,182099,51.517340830335700,0.1906919776381580,6,RM13 9YH,6
Ravensbourne,538699,170201,51.41387036990730,-0.006937815529845740,4,BR3 5HE,4
Ravenscourt Park,522558,178711,51.494067596546,-0.23596922986014300,2,W6 0UG,2
Rayners Lane,512979,187538,51.575396127388500,-0.37106080574871100,5,HA5 5EG,5
Raynes Park,523206,169303,51.409374971183600,-0.22991293627460900,4,SW20 8NE,4
Reading,471527,173813,51.458784566812600,-0.9718776209963330,9,RG1 1LZ,
Rectory Road,534001,186199,51.55876336735920,-0.06838566445429540,2,N16 7QB,2
Redbridge,541833,188371,51.576366994360600,0.045394044087077400,4,IG4 5BG,4
Reedham,530835,160821,51.33144151324280,-0.12340262353472200,6,CR8 2DG,6
Reeves Corner,531895,165726,51.375277028631000,-0.10637977757836900,3,CR0 1XP,"3,4,5,6"
Regents Park,528765,182174,51.523810437772800,-0.1453444097205960,1,NW1 5HA,1
Richmond,518072,175174,51.46323239395920,-0.30173912870492900,4,TW9 2AZ,4
Rickmansworth,505717,194605,51.640322241933700,-0.4736845710128750,7,WD3 1QY,7
Riddlesdown,532497,161001,51.332674670332900,-0.09949366690815280,6,CR8 1HN,6
Roding Valley,541612,192882,51.61695652081230,0.04402620712663850,4,IG9 6LN,4
Romford,551377,188455,51.57464189428390,0.18305527427581000,6,RM1 1SX,6
Rotherhithe,535239,179870,51.501594420702700,-0.0529662962549398,2,SE16 4LF,2
Royal Albert,542029,180823,51.50849394631010,0.045177145189641400,3,E16 2QD,3
Royal Oak,525764,181485,51.5182940459234,-0.18882367154685400,2,W2 6ET,2
Royal Victoria,540139,180833,51.50905526715450,0.017965412588985900,3,E16 1DE,3
Ruislip,509510,187102,51.572161233876200,-0.4212349155921320,6,HA4 8LD,6
Ruislip Gardens,510367,185763,51.55995951052220,-0.40929410137403400,5,HA4 6LG,5
Ruislip Manor,510088,187258,51.573450901149100,-0.41284934443184800,6,HA4 9AA,6
Russell Square,530207,182122,51.523012836646200,-0.12459019687261900,1,WC1N 1LG,1
Sanderstead,532855,162743,51.34824610257360,-0.09370849954893390,6,CR2 0PL,6
Sandilands,533869,165749,51.37502214682390,-0.0780265894240146,3,CR0 5PN,"3,4,5,6"
Selhurst,532993,167636,51.392185625136400,-0.08989903662310260,4,SE25 6LL,4
Seven Kings,545401,187095,51.56399351215580,0.09631957529138690,4,IG3 8RE,4
Seven Sisters,533646,188927,51.58336204399540,-0.07246682251889110,3,N15 5LA,3
Shadwell,534936,180942,51.511300064669400,-0.05691920694185810,2,E1 2QE,2
Shenfield,561356,195022,51.630873639892400,0.32995227076530600,7,CM15 8JD,7
Shepherds Bush,523741,179904,51.504531795613900,-0.2185191566688490,2,W12 8LH,2
Shepherds Bush Market,523121,180039,51.50588033819020,-0.22740049041020900,2,W12 7JD,2
Shoreditch High Street,533501,182258,51.523466695343100,-0.07708742433139700,1,E1 6AW,1
Shortlands,539399,169300,51.40560237398420,0.0027675443897767000,4,BR2 0JA,4
Sidcup,546300,172698,51.43439862959480,0.10331535971945400,5,DA15 7AW,5
Silver Street,533544,192472,51.61524236180800,-0.07258974125866190,4,N18 1QX,4
Slade Green,552250,176584,51.46774797004990,0.19051838969715900,6,DA8 2NX,6
Sloane Square,528080,178657,51.492359510480600,-0.15648885605702400,1,SW1W 8BB,1
Slough,497838,180157,51.51187888370570,-0.5915248252758040,9,SL1 1XW,
Snaresbrook,540161,188828,51.58089131157070,0.021463927810755000,4,E11 1QE,4
South Acton,520166,179279,51.49968538827370,-0.27021520326622400,3,W3 0DS,3
South Bermondsey,535156,178319,51.48767652828430,-0.05475482106707230,2,SE16 2PL,2
South Croydon,532896,164358,51.36275004887510,-0.09251736279417740,5,CR2 7PA,5
South Ealing,517605,179437,51.50164352033090,-0.30704023946122300,3,W5 4QB,3
South Greenford,515462,182991,51.53402700823880,-0.33673747540350100,4,UB6 2WE,4
South Hampstead,526425,184081,51.54147655809490,-0.17837119811462500,2,NW8 0DJ,2
South Harrow,514334,186376,51.56467959482170,-0.35189396373160500,5,HA2 8HN,5
South Kensington,526865,178817,51.494071083255200,-0.17392302133764000,1,SW7 2NB,1
South Kenton,517350,187153,51.571043947551300,-0.3081429717620930,4,HA9 8QT,4
South Merton,524917,168662,51.403240220781200,-0.2055502988870150,4,SW20 9JT,4
South Quay,537636,179853,51.50086357890650,-0.018460692665022100,2,E14 9SH,2
South Ruislip,511080,185437,51.55688965147800,-0.3991159010068220,5,HA4 6TP,5
South Tottenham,533697,188599,51.580402471228100,-0.0718559563059047,3,N15 6ND,3
South Wimbledon,525828,170033,51.41536039779990,-0.19197454409905700,3,SW19 1DE,"3,4"
South Woodford,540577,190026,51.59155266475490,0.02794307837440940,4,E18 1JJ,4
Southall,512620,179804,51.50595629378950,-0.3787111814415620,4,UB2 4AA,4
Southbury,534803,196199,51.648433641300100,-0.05298331040026240,5,EN3 4HW,5
Southfields,524730,173291,51.44488297741000,-0.20660938309093100,3,SW18 5RJ,3
Southgate,529675,194278,51.63237564173070,-0.1277700463078410,4,N14 5BH,4
Southwark,531566,180025,51.50385344972170,-0.1057949389250920,1,SE1 8NW,1
St Helier,525408,167191,51.38991183992140,-0.19901458965509000,4,SM4 6SF,4
St James Street,536402,188694,51.580608613025800,-0.03280456167946690,3,E17 7PJ,3
St Johns,537400,176298,51.46897525930410,-0.023240661806141500,2,SE8 4EW,2
St Margarets,516732,174250,51.4552054673299,-0.3213242418672530,4,TW1 2LH,4
St Mary Cray,546698,168298,51.39475958639220,0.10721790023829000,6,BR5 3SN,6
St Pancras,530122,182959,51.5305541987497,-0.12550578105978200,1,NW1 2QP,1
St. James's Park,529629,179503,51.49960957772610,-0.13387875434112500,1,SW1H 0BD,1
St. Johns Wood,526742,183352,51.53485412839330,-0.1740648386620700,2,NW8 6DN,2
St. Pauls,532105,181261,51.514835138739900,-0.09757100011698540,1,EC2V 6AA,1
Stamford Brook,521913,178738,51.49444956856970,-0.24524630602792200,2,W6 0SB,2
Stamford Hill,533381,187928,51.57444748083400,-0.07666834157285660,3,N16 5AG,3
Stanmore,517574,192569,51.619672950483600,-0.3030992875952990,5,HA7 4PD,5
Star Lane,539148,182091,51.52060426064490,0.004191002628240690,3,E16 4SR,3
Stepney Green,535566,182149,51.521995758615500,-0.04738252319485510,2,E1 4AQ,2
Stockwell,530473,176470,51.47215905711560,-0.12284630335652600,2,SW9 9AE,2
Stoke Newington,533710,186845,51.56463749414500,-0.07233539437869030,2,N16 6YA,2
Stonebridge Park,519690,184197,51.54398610565640,-0.2754004371046790,3,NW10 0RW,3
Stoneleigh,522021,164155,51.363363646997900,-0.24870965347339200,5,KT17 2JA,5
Stratford,538533,184421,51.54169257587400,-0.003751641027190750,3,E15 1AZ,3
Stratford High Street,538729,184032,51.5381489524464,-0.0010803560037945400,3,E15 3PA,3
Stratford International,538175,184758,51.5448085230875,-0.008778434012917900,3,E15 2LZ,3
Strawberry Hill,515500,172502,51.439747278051900,-0.33961772438604900,5,TW1 4PP,5
Streatham,529946,171303,51.425845648377400,-0.13232549573614700,3,SW16 6HP,3
Streatham Common,529729,170534,51.41898445090680,-0.13572616403530700,3,SW16 5NT,3
Streatham Hill,530233,172714,51.43846015875230,-0.1276814805405160,3,SW2 4PA,3
Sudbury and Harrow Road,516853,185300,51.5544932686619,-0.31592623593724900,4,HA0 2HA,4
Sudbury Hill,515427,185584,51.55733901102980,-0.3363921085382280,4,HA1 3RA,4
Sudbury Hill Harrow,515490,185697,51.55834172569070,-0.3354466865621600,4,HA1 3RJ,4
Sudbury Town,516832,184955,51.55139692710830,-0.3163434799075770,4,HA0 2LA,4
Sundridge Park,540599,170200,51.413393835270500,0.02036510902919480,4,BR1 3TR,4
Surbiton,518070,167315,51.3925990366125,-0.30438455443494000,6,KT6 4PE,6
Surrey Quays,535641,178954,51.49326678162280,-0.04752998752630570,2,SE16 2UE,2
Sutton,526028,163823,51.35950582407130,-0.19130200904498500,5,SM1 1JA,5
Sutton Common,525593,165598,51.375554374568200,-0.1969199101341750,4,SM1 3HY,4
Swiss Cottage,526611,184259,51.5430345616616,-0.1756266026411380,2,NW3 6HY,2
Sydenham,535311,171609,51.42734116410620,-0.05508867076422300,3,SE26 5EU,3
Sydenham Hill,533548,172145,51.432575758635600,-0.08023020750906710,3,SE21 7HW,3
Syon Lane,516306,177163,51.481474155405600,-0.32649502836648500,4,TW7 5NT,4
Tadworth,523097,156199,51.29162747942280,-0.2360080126476630,6,KT20 5SP,6
Taplow,491579,181340,51.52356084157690,-0.6813848514102000,9,SL6 0NU,
Tattenham Corner,522593,158140,51.3091809150244,-0.242566269387599,6,KT18 5PR,6
Teddington,516019,170817,51.424496954268100,-0.3327053305694850,6,TW11 9AA,6
Temple,530995,180810,51.51104042360470,-0.11372574953125400,1,WC2R 2PH,1
Thames Ditton,515721,166818,51.388615519946200,-0.33829283096615300,6,KT7 0PA,6
Theobalds Grove,535933,201119,51.69237253480550,-0.034748134343809200,7,EN8 7BG,7
Therapia Lane,530290,166843,51.385685581839300,-0.1290171058922470,3,CR0 3DD,"3,4,5,6"
Theydon Bois,545509,199180,51.67255225418,0.10289073688168200,6,CM16 7EU,6
Thornton Heath,532242,168317,51.398480916027200,-0.10043316453581000,4,CR7 8RX,4
Tolworth,519834,165603,51.3768428600788,-0.27962011044214000,5,KT5 9NU,5
Tooting,527969,170591,51.41989637122430,-0.16100247062519100,3,SW17 9JR,3
Tooting Bec,528015,172366,51.435837804955500,-0.15970049083173800,3,SW17 9AH,3
Tooting Broadway,527415,171373,51.42704887092590,-0.16868452577766000,3,SW17 0SU,3
Tottenham Court Road,529774,181354,51.516210657936200,-0.1311104379402320,1,W1D 2DA,1
Tottenham Hale,534483,189465,51.58799768229060,-0.06018782248556840,3,N17 9LR,3
Totteridge and Whetstone,526111,193951,51.63024642876390,-0.17935426123339500,4,N20 9QP,4
Tower Gateway,533725,180809,51.51039252305750,-0.07440987691153350,1,EC3N 1JL,1
Tower Hill,533566,180805,51.51039415022930,-0.07670119812097690,1,EC3N 4DJ,1
Tufnell Park,529200,185816,51.55644057500820,-0.13774217405279300,2,N19 5QB,2
Tulse Hill,531797,172903,51.4397972578558,-0.10512250845882600,3,SE27 9BW,3
Turkey Street,535129,198903,51.67265358634990,-0.0472299312310293,6,EN3 5TT,6
Turnham Green,521267,178804,51.49518152685560,-0.2545245642842540,2,W4 1LR,2
Turnpike Lane,531524,189650,51.59035796825510,-0.1028050405776600,3,N15 3NX,3
Twickenham,516221,173687,51.450250410920500,-0.3288602200739820,5,TW1 1BD,5
Twyford,479041,175787,51.47553252815790,-0.8633069929836110,9,RG10 9NA,
Upminster,556167,186833,51.558763771001500,0.2514008048009920,6,RM14 2TD,6
Upminster Bridge,555002,186681,51.55771918780090,0.23454189192904200,6,RM12 6PL,6
Upney,545844,184260,51.53840581666550,0.10153174466413700,4,IG11 9LS,4
Upper Holloway,529778,186630,51.56362309586850,-0.1291093626941060,2,N19 4DJ,2
Upper Warlingham,534100,158383,51.308772130153500,-0.07748166156794640,6,CR3 0EP,6
Upton Park,541204,183931,51.536628259878100,0.03454183972360730,3,E13 9AP,3
Uxbridge,505698,184161,51.54645372786720,-0.47710154642097500,6,UB8 1JZ,6
Vauxhall,530366,177978,51.48573560145270,-0.12382995197041900,1,SW8 1SR,"1,2"
Victoria,528941,179131,51.49642371956770,-0.14392070512630400,1,SW1E 5JX,1
Waddon,531151,164828,51.36737906715270,-0.11739407581295800,5,CR0 4NA,5
Waddon Marsh,531082,165906,51.37708276115930,-0.11798746414806400,3,CR0 4XT,"3,4,5,6"
Wallington,528841,163985,51.36033129956510,-0.15086383380492000,5,SM6 0DZ,5
Waltham Cross,536520,200343,51.68525721552800,-0.026564257209644400,7,EN8 7LU,7
Walthamstow Central,537286,188986,51.58301808337610,-0.019940545005551000,3,E17 7LP,3
Walthamstow Queens Road,537020,188815,51.58154615511210,-0.02384394330088980,3,E17 7QZ,3
Wandle Park,531422,165505,51.373400532627600,-0.1132533204383670,3,CR0 4JS,"3,4,5,6"
Wandsworth Common,527719,173530,51.44636533894140,-0.1635369794154480,3,SW12 8NL,3
Wandsworth Road,529354,176226,51.47022297701060,-0.13903767462851500,2,SW8 4PA,2
Wandsworth Town,525985,175119,51.46103377041170,-0.1879100356809230,2,SW18 1SU,2
Wanstead,540685,188176,51.574902199570900,0.02876047243622500,4,E11 2NT,4
Wanstead Park,540592,185600,51.5517781243521,0.026389943051784700,3,E7 0HU,3
Wapping,535030,180170,51.50434022750500,-0.05586081435523970,2,E1W 3PA,2
Warren Street,529253,182272,51.524579764761900,-0.13827833053848000,1,NW1 3AA,1
Warwick Avenue,526158,182030,51.52310413807910,-0.1829532911134560,2,W9 2PT,2
Waterloo,531050,179933,51.50314645678350,-0.11325925125819600,1,SE1 7NY,1
Waterloo East,531332,180054,51.50416843357950,-0.1091536368939240,1,SE1 8NH,1
Watford,509579,196610,51.6576044159566,-0.41726999672995400,7,WD18 7LE,7
Watford High Street,511360,196098,51.65265306624420,-0.39169672037794700,8,WD17 2EG,8
Watford Junction,511023,197340,51.66388236768590,-0.39617194802380800,9,WD17 1ET,
Wellesley Road,532511,165752,51.375367381230300,-0.09752490808671420,3,CR0 2DD,"3,4,5,6"
Welling,546096,176073,51.464777257658000,0.10177503908920600,4,DA16 3AT,4
Wembley Central,518214,185039,51.55186429753860,-0.2963923219160410,4,HA9 6AG,4
Wembley Park,519373,186341,51.563322003491600,-0.2792425481111570,4,HA9 9AA,4
Wembley Stadium,518924,185366,51.554654104755000,-0.2860464419726450,4,HA9 8BQ,4
West Acton,519394,181273,51.51776969314100,-0.28065717090448700,3,W3 6UP,3
West Brompton,525383,178030,51.48732859696140,-0.19553880967042800,2,SW5 9JX,2
West Croydon,532188,166098,51.378552009432300,-0.10203429230263700,5,CR0 2TA,5
West Drayton,506124,180122,51.510070447632700,-0.4721760838505150,6,UB7 9DY,6
West Dulwich,532798,173053,51.440911675311900,-0.09067267591985910,3,SE21 8HN,3
West Ealing,516690,180749,51.513624683972400,-0.3197829486921900,3,W13 0NQ,3
West Finchley,525507,191601,51.60926242118550,-0.18891710747921000,4,N3 1NT,4
West Ham,539202,182974,51.528525530727000,0.005317393832787910,3,E15 3BN,3
West Hampstead,525524,184726,51.54747402267270,-0.19112658344309500,2,NW6 2LX,2
West Hampstead Thameslink,525423,184852,51.548628809928900,-0.1925375175501860,2,NW6 1XJ,2
West Harrow,514163,187957,51.578923661261700,-0.3538466898684310,5,HA1 4HE,5
West India Quay,537471,180505,51.50676262660100,-0.02058244712808170,2,E14 4ED,2
West Kensington,524635,178321,51.490109027210600,-0.20620369221802700,2,W14 9NL,2
West Norwood,531956,171955,51.43124094913320,-0.1031891342990400,3,SE27 0HS,3
West Ruislip,508364,186791,51.56958715703550,-0.4378601343740380,6,HA4 7WD,6
West Silvertown,540455,180155,51.50288447390750,0.022246046681022400,3,E16 2AT,3
West Sutton,525081,164539,51.36614980218210,-0.20464454602828300,5,SM1 2EH,5
West Wickham,538266,166563,51.38128418000950,-0.014576330410962800,5,BR4 0PY,5
Westbourne Park,524920,181764,51.520988514909300,-0.20088251281474600,2,W11 1AB,2
Westcombe Park,540199,178103,51.48450892773310,0.01774570026305540,3,SE3 7EQ,3
Westferry,537064,180814,51.50963810743970,-0.026323137101783900,2,E14 8AD,2
Westminster,530240,179718,51.501401389193300,-0.1250020783467800,1,SW1A 2JR,1
White City,523296,180750,51.51223207227980,-0.2246319285152730,2,W12 7RH,2
White Hart Lane,533693,191340,51.60503465751190,-0.07087032653563700,3,N17 7RP,3
Whitechapel,534738,181859,51.5195876908872,-0.05942048498810920,2,E1 1BY,2
Whitton,514220,173568,51.44958760708500,-0.35768205341595,5,TW2 7LG,5
Whyteleafe,533842,158505,51.309929187849900,-0.08113516500500570,6,CR3 0AD,6
Whyteleafe South,534169,157797,51.30348968019660,-0.0767125144057694,6,CR3 0BD,6
Willesden Green,523350,184884,51.54937292482700,-0.22240760124964700,2,NW2 4QT,"2,3"
Willesden Junction,521905,182942,51.53223356661700,-0.24390913983767800,3,NW10 4RA,3
Wimbledon,524791,170647,51.4211075087935,-0.20666283344005300,3,SW19 1PS,3
Wimbledon Chase,524306,169347,51.40953058388220,-0.21408976708418000,3,SW20 8DB,3
Wimbledon Park,525274,172158,51.4345806287444,-0.1991862729730620,3,SW19 7DZ,3
Winchmore Hill,531529,194494,51.63388669665080,-0.10091693272974800,4,N21 3NG,4
Wood Green,531038,190427,51.59745355165760,-0.10952658877613100,3,N22 8HH,3
Wood Lane,523314,180464,51.5096578296917,-0.22447260570993900,2,W12 7DS,2
Wood Street,538521,189426,51.586669943466400,-0.0019538980131841800,4,E17 3NZ,4
Woodford,540952,191778,51.607201902790300,0.034056202416626000,4,IG8 7QE,4
Woodgrange Park,541861,185332,51.54905261091030,0.04457249622679910,3,E7 8AA,"3,4"
Woodmansterne,528720,159385,51.3190183289485,-0.15426212716203300,6,CR5 3HS,6
Woodside,534716,167115,51.38709757861520,-0.0653471778556766,3,SE25 5DP,"3,4,5,6"
Woodside Park,525725,192564,51.61786809900360,-0.1854255027302190,4,N12 8SE,4
Woolwich,543931,178994,51.4915784950453,0.07181937852628940,4,SE18 6EU,4
Woolwich Arsenal,543754,178803,51.48990723258590,0.06919390669436660,4,SE18 6HX,4
Woolwich Dockyard,542738,178908,51.49110788693790,0.05461234849340900,3,SE18 5JY,3
Worcester Park,522192,166133,51.381104087182900,-0.2455752883081530,4,KT4 7ND,4